CMP( Eric Steinbring || Steinbring, Eric )
CMP( Joseph Postma || Postma, Joseph E. )
CMP( Ilia || Kosenkov, Ilia A. )
CMP( Ilia Kosenkov || Kosenkov, Ilia A. )
CMP( Ilia-Kosenkov || Kosenkov, Ilia A. )
CMP( Kieran || Leschinski, Kieran )
CMP( Kieran Leschinski || Leschinski, Kieran )
CMP( Hugo Buddelmeijer || Buddelmeijer, H. )
CMP( oczoske || Czoske, O. )
CMP( eleonoraalei || Alei, E. )
CMP( eleonora.alei@inaf.it || Alei, E. )
CMP( PabloMSanAla || Sánchez-Alarcón, Pablo M. )
CMP( PabloMSan || Sánchez-Alarcón, Pablo M. )
CMP( Yago || Ascasibar, Yago )
CMP( Andreas Nygaard || Nygaard, Andreas )
CMP( Jesper Karsten || Karsten, J. )
CMP( Karsten1999 || Karsten, J. )
CMP( rezeebe || Zeebe, Richard E. )
CMP( Alex Howe || Howe, Alex R. )
CMP( alexrhowe || Howe, Alex R. )
CMP( Tomas Stolker || Stolker, T. )
CMP( cefisher || Fisher, Chloe )
CMP( Pablo Márquez Neila || Márquez-Neila, Pablo )
CMP( pmneila || Márquez-Neila, Pablo )
CMP( Michael Himes || Himes, Michael D. )
CMP( frank soboczenski || Soboczenski, Frank )
CMP( adcobb || Cobb, Adam D. )
CMP( AdamCobb || Cobb, Adam D. )
CMP( Alex Maraio || Maraio, Alessandro )
CMP( Kristen M Surrao || Surrao, Kristen M. )
CMP( Kristen Surrao || Surrao, Kristen M. )
CMP( Kristen Marie Surrao || Surrao, Kristen M. )
CMP( David Alonso || Alonso, David )
CMP( jmsdsouzaPhD || Mendonça Soares de Souza, Josiel )
CMP( Josiel Mendonça || Mendonça Soares de Souza, Josiel )
CMP( Pablo Villanueva Domingo || Villanueva-Domingo, Pablo )
CMP( Davi C. Rodrigues || Rodrigues, Davi C. )
CMP( Davi Rodrigues || Rodrigues, Davi C. )
CMP( robdjeff || Jeffries, R. D. )
CMP( Anirban Roy || Roy, Anirban )
CMP( Anirban || Roy, Anirban )
CMP( Jens Stuecker || Stücker, Jens )
CMP( jstuecker || Stücker, Jens )
CMP( David Grote || Grote, D. P. )
CMP( Axel Huebl || Huebl, A. )
CMP( Luca Fedeli || Fedeli, L. )
CMP( Edoardo Zoni || Zoni, E. )
CMP( Revathi  Jambunathan || Jambunathan, R. )
CMP( Weiqun Zhang || Zhang, W. )
CMP( Remi Lehe || Lehe, R. )
CMP( Neïl Zaim || Zaïm, N. )
CMP( Andrew Myers || Myers, A. )
CMP( Yinjian Zhao || Zhao, Y. )
CMP( RevathiJambunathan || Jambunathan, R. )
CMP( Dave Grote || Grote, D. P. )
CMP( David Hendriks || Hendriks, D. )
CMP( Robert Izzard || Izzard, R. )
CMP( dh00601 || Hendriks, D. )
CMP( Alex Esquivel || Esquivel, A. )
CMP( Alejandro Esquivel || Esquivel, A. )
CMP( vsieyra || Esquivel, A. )
CMP( Aster Taylor || Taylor, Aster G. )
CMP( astertaylor || Taylor, Aster G. )
CMP( Maja Lujan Niemeyer || Lujan Niemeyer, Maja )
CMP( Maja L. N || Lujan Niemeyer, Maja )
CMP( Maja Vanessa Katharina Lujan Niemeyer || Lujan Niemeyer, Maja )
CMP( mraveri || Raveri, Marco )
CMP( Marco Raveri || Raveri, Marco )
CMP( Matteo Martinelli || Raveri, Marco )
CMP( Matteo Martinelli || Martinelli, Matteo )
CMP( lgbouma || Bouma, Luke G. )
CMP( Alexander Mead || Mead, Alexander J. )
CMP( LEBREUILLY Ugo || Lebreuilly, Ugo )
CMP( Oliver Philcox || Philcox, Oliver H. E. )
CMP( Oliver H. Philcox || Philcox, Oliver H. E. )
CMP( Peter Teuben || Teuben, Peter )
CMP( Adele Plunkett || Plunkett, Adele )
CMP( adeleplunkett || Plunkett, Adele )
CMP( Alvaro || Plunkett, Adele )
CMP( Alvaro || Hacar, Alvaro )
CMP( mikekatz04 || Katz, Michael L. )
CMP( Michael Katz || Katz, Michael L. )
CMP( Michele Vallisneri || Vallisneri, Michele )
CMP( Bea Cobo || Cobo, B. )
CMP( mtceballos || Ceballos, M. T. )
CMP( bcobo || Cobo, B. )
CMP( Maite Ceballos || Ceballos, M. T. )
CMP( Zachary Atkins || Atkins, Zachary )
CMP( zatkins2 || Atkins, Zachary )
CMP( JulianBMunoz || Muñoz, Julian B. )
CMP( Julian Munoz || Muñoz, Julian B. )
CMP( Julian || Muñoz, Julian B. )
CMP( Scott Hagen || Hagen, Scott )
CMP( scott || Hagen, Scott )
CMP( scotthgn || Hagen, Scott )
CMP( EdanRein || Rein, Edan )
CMP( Edan Rein || Rein, Edan )
CMP( SophieMLV || Vogt, Sophie M. L. )
CMP( Charlie Conroy || Conroy, Charlie )
CMP( Alexa Villaume || Villaume, Alexa )
CMP( conroy.charlie || Conroy, Charlie )
CMP( CoraDvorkin || Dvorkin, Cora )
CMP( Julian || Muñoz, Julian B. )
CMP( Valcin || Valcin, David )
### END

CMP( Keigo Nitadori || Hozumi, Shunsuke )
CMP( Keigo Nitadori || Nitadori, Keigo )
CMP( nitadori || Hozumi, Shunsuke )
CMP( nitadori || Nitadori, Keigo )
CMP( Hendrik van Eerten || van Eerten, Hendrik )
CMP( Jorge Martínez-Palomera || Hedges, Christina )
CMP( Jorge Martínez-Palomera || Luger, Rodrigo )
CMP( Jorge Martínez-Palomera || Martinez-Palomera, Jorge )
CMP( Jorge Martínez-Palomera || Dotson, Jessie )
CMP( Jorge Martínez-Palomera || Barentsen, Geert )
CMP( Jorge || Hedges, Christina )
CMP( Jorge || Luger, Rodrigo )
CMP( Jorge || Martinez-Palomera, Jorge )
CMP( Christina Hedges || Hedges, Christina )
CMP( jorgemarpa || Hedges, Christina )
CMP( jorgemarpa || Luger, Rodrigo )
CMP( jorgemarpa || Martinez-Palomera, Jorge )
CMP( jorgemarpa || Dotson, Jessie )
CMP( jorgemarpa || Barentsen, Geert )
CMP( takafumi291 || Tsukui, Takafumi )
CMP( takafumi291 || Iguchi, Satoru )
CMP( takafumi291 || Mitsuhashi, Ikki )
CMP( takafumi291 || Tadaki, Kenichi )
CMP( Laila Linke || Heydenreich, Sven )
CMP( Laila Linke || Linke, Laila )
CMP( sheydenreich || Heydenreich, Sven )
CMP( llinke1 || Heydenreich, Sven )
CMP( llinke1 || Linke, Laila )
CMP( llinke1 || Burger, Pierre )
CMP( llinke1 || Schneider, Peter )
CMP( llinke1 || Burger, Pierre A. )
CMP( Zsofia Stermeczky || Kovács-Stermeczky, Zsófia V. )
CMP( Zsofia Stermeczky || Vinkó, József )
CMP( stermzsofi || Kovács-Stermeczky, Zsófia V. )
CMP( stermzsofi || Vinkó, József )
CMP( Christian || Setzer, Christian N. )
CMP( Naonori Sugiyama || Sugiyama, Naonori S. )
CMP( Michele Bianco || Bianco, Michele )
CMP( Hans A. Winther || Winther, Hans A. )
CMP( Hans A. Winther || Koyama, Kazuya )
CMP( Hans A. Winther || Manera, Marc )
CMP( Hans A. Winther || Wright, Bill S. )
CMP( Hans A. Winther || Zhao, Gong-Bo )
CMP( topolski || Winther, Hans A. )
CMP( topolski || Koyama, Kazuya )
CMP( topolski || Manera, Marc )
CMP( topolski || Wright, Bill S. )
CMP( topolski || Zhao, Gong-Bo )
CMP( Hans Winther || Winther, Hans A. )
CMP( DTsuna || Takei, Yuki )
CMP( DTsuna || Tsuna, Daichi )
CMP( Yuki Takei || Takei, Yuki )
CMP( daichi.tsuna || Takei, Yuki )
CMP( daichi.tsuna || Tsuna, Daichi )
CMP( KuriyamaN || Takei, Yuki )
CMP( KuriyamaN || Tsuna, Daichi )
CMP( KuriyamaN || Kuriyama, Naoto )
CMP( Alex Reustle || Garg, Diksha )
CMP( Alex Reustle || Patel, Sameer )
CMP( Alex Reustle || Reno, Mary Hall )
CMP( Alex Reustle || Reustle, Alexander )
CMP( Sameer Patel || Garg, Diksha )
CMP( Sameer Patel || Patel, Sameer )
CM
